sep=,
Measurement Mode:,Extended (Quaternion)
StartTime:,Tue, 31 May 2022 13:13:52 GMT
Â© Xsens Technologies B. V. 2005-2022

Timestamp,Address,Quaternion_w,Quaternion_x,Quaternion_y,Quaternion_z,FreeAcc_x,FreeAcc_y,FreeAcc_z,Status,ClipCountAcc,ClipCountGyr
277408613,d4:22:cd:00:30:92,0.769719123840332,0.592183530330658,-0.1249331533908844,-0.2030838429927826,0.012704141438007355,-0.03569859638810158,0.01495361328125,0,0,0
277425280,d4:22:cd:00:30:92,0.7696800231933594,0.5922026038169861,-0.12517300248146057,-0.20302878320217133,0.045756902545690536,-0.017729047685861588,0.07018184661865234,0,0,0
277441947,d4:22:cd:00:30:92,0.7696768045425415,0.5922069549560547,-0.12534648180007935,-0.20292150974273682,0.013264600187540054,-0.0023652140516787767,0.0771017074584961,0,0,0
277458614,d4:22:cd:00:30:92,0.7696657776832581,0.5922170281410217,-0.1255255788564682,-0.20282256603240967,0.004452489782124758,-0.0014716093428432941,0.04647254943847656,0,0,0
277475281,d4:22:cd:00:30:92,0.7696580290794373,0.592243492603302,-0.12565985321998596,-0.2026919722557068,-0.015594834461808205,-0.01581398956477642,0.1253986358642578,0,0,0
277491948,d4:22:cd:00:30:92,0.7696475386619568,0.5922542214393616,-0.1257569044828415,-0.20263950526714325,-0.020901590585708618,0.009668723680078983,0.22560596466064453,0,0,0
277508615,d4:22:cd:00:30:92,0.7696367502212524,0.5922305583953857,-0.12579670548439026,-0.20272544026374817,-0.03795786574482918,0.007345976773649454,0.23231220245361328,0,0,0
277525282,d4:22:cd:00:30:92,0.769654393196106,0.5921993851661682,-0.12572309374809265,-0.20279502868652344,-0.03744613006711006,-0.007290992420166731,0.1177988052368164,0,0,0
277541949,d4:22:cd:00:30:92,0.7696523666381836,0.5921936631202698,-0.1256352812051773,-0.20287369191646576,0.01727263443171978,-0.05569227784872055,0.051207542419433594,0,0,0
277558616,d4:22:cd:00:30:92,0.7696649432182312,0.5921871662139893,-0.12555108964443207,-0.2028970718383789,0.026390286162495613,-0.05461762472987175,-0.01566314697265625,0,0,0
277575283,d4:22:cd:00:30:92,0.7696424722671509,0.5922257304191589,-0.12548498809337616,-0.20291049778461456,-0.000042914485675282776,-0.015784485265612602,0.045963287353515625,0,0,0
277591950,d4:22:cd:00:30:92,0.7696295380592346,0.5922505855560303,-0.12539039552211761,-0.20294560492038727,-0.015363163314759731,0.025336533784866333,0.1573190689086914,0,0,0
277608617,d4:22:cd:00:30:92,0.7696325182914734,0.592261016368866,-0.1252249777317047,-0.20300599932670593,-0.0052960277535021305,0.01651805453002453,0.15523433685302734,0,0,0
277625284,d4:22:cd:00:30:92,0.7696129083633423,0.5922632217407227,-0.12506510317325592,-0.20317238569259644,0.013560866005718708,0.018433112651109695,0.11854839324951172,0,0,0
277641951,d4:22:cd:00:30:92,0.7696106433868408,0.5922926664352417,-0.12481479346752167,-0.20324935019016266,0.04191359505057335,0.04671957343816757,0.04743766784667969,0,0,0
277658618,d4:22:cd:00:30:92,0.7695804834365845,0.5922959446907043,-0.12465871125459671,-0.2034497857093811,0.012870434671640396,0.04206916317343712,0.023331642150878906,0,0,0
277675285,d4:22:cd:00:30:92,0.7695358991622925,0.592278003692627,-0.12461363524198532,-0.20369833707809448,-0.024774454534053802,0.06878611445426941,-0.06627082824707031,0,0,0
277691952,d4:22:cd:00:30:92,0.7695235013961792,0.5922791361808777,-0.1245536208152771,-0.20377807319164276,-0.03318871185183525,-0.0011805954854935408,-0.08817291259765625,0,0,0
277708619,d4:22:cd:00:30:92,0.7694950103759766,0.5922688245773315,-0.12461371719837189,-0.20387893915176392,0.047363121062517166,-0.013889094814658165,-0.03769493103027344,0,0,0
277725286,d4:22:cd:00:30:92,0.7694770693778992,0.5922545790672302,-0.12469613552093506,-0.2039373368024826,0.06903287023305893,-0.03707275167107582,-0.016808509826660156,0,0,0
277741953,d4:22:cd:00:30:92,0.7694411873817444,0.5922654867172241,-0.12482211738824844,-0.20396378636360168,0.00970180332660675,0.017209157347679138,-0.01386260986328125,0,0,0
277758620,d4:22:cd:00:30:92,0.7693875432014465,0.5922713875770569,-0.12499843537807465,-0.20404130220413208,-0.03120749443769455,0.04674415662884712,0.08988475799560547,0,0,0
277775287,d4:22:cd:00:30:92,0.7693610191345215,0.5922545790672302,-0.12513813376426697,-0.20410455763339996,-0.03415607661008835,0.02988770604133606,0.11322975158691406,0,0,0
277791954,d4:22:cd:00:30:92,0.769318163394928,0.5922648310661316,-0.12524652481079102,-0.2041696310043335,0.01794518530368805,-0.01913047395646572,0.05957794189453125,0,0,0
277808621,d4:22:cd:00:30:92,0.7692761421203613,0.5922631025314331,-0.1253814399242401,-0.20425033569335938,0.02404552325606346,-0.05152823030948639,0.07769489288330078,0,0,0
277825288,d4:22:cd:00:30:92,0.7692450284957886,0.592266857624054,-0.1254442185163498,-0.2043181210756302,0.024263784289360046,-0.04284609109163284,0.15147113800048828,0,0,0
277841955,d4:22:cd:00:30:92,0.7692392468452454,0.5922347903251648,-0.12545174360275269,-0.20442822575569153,0.019633043557405472,0.012253873981535435,0.18355274200439453,0,0,0
277858622,d4:22:cd:00:30:92,0.7692434787750244,0.5921831130981445,-0.12541697919368744,-0.2045833319425583,-0.03426101431250572,0.017634278163313866,0.11594772338867188,0,0,0
277875289,d4:22:cd:00:30:92,0.7692019939422607,0.5921408534049988,-0.12544481456279755,-0.20484474301338196,-0.03536388278007507,-0.00887078233063221,0.032901763916015625,0,0,0
277891956,d4:22:cd:00:30:92,0.7691991329193115,0.592115581035614,-0.12537218630313873,-0.20497232675552368,-0.009795790538191795,-0.048955149948596954,0.05614185333251953,0,0,0
277908623,d4:22:cd:00:30:92,0.7692074775695801,0.5920828580856323,-0.1252792477607727,-0.2050924301147461,0.041293684393167496,-0.02113940753042698,0.06778907775878906,0,0,0
277925290,d4:22:cd:00:30:92,0.7691897749900818,0.5920626521110535,-0.12522448599338531,-0.20525071024894714,0.026280317455530167,-0.016753189265727997,0.021879196166992188,0,0,0
277941957,d4:22:cd:00:30:92,0.7691810727119446,0.5920844078063965,-0.12511779367923737,-0.20528554916381836,-0.027823563665151596,-0.01676347106695175,0.031220436096191406,0,0,0
277958624,d4:22:cd:00:30:92,0.7691538333892822,0.5920963287353516,-0.1250511258840561,-0.205393984913826,-0.02523047849535942,-0.024692369624972343,0.10212230682373047,0,0,0
277975291,d4:22:cd:00:30:92,0.769162654876709,0.5920910835266113,-0.124919593334198,-0.2054559588432312,0.00723064411431551,-0.023077713325619698,0.13375473022460938,0,0,0
277991958,d4:22:cd:00:30:92,0.7691616415977478,0.5921000838279724,-0.12475451081991196,-0.20553404092788696,0.03420575335621834,-0.03167804330587387,0.060695648193359375,0,0,0
278008625,d4:22:cd:00:30:92,0.7691536545753479,0.5921379923820496,-0.12459802627563477,-0.2055494338274002,0.01943143457174301,-0.0789613127708435,-0.0028657913208007812,0,0,0
278025292,d4:22:cd:00:30:92,0.7691695690155029,0.5921679735183716,-0.12444770336151123,-0.2054949551820755,-0.007549149915575981,-0.04622292518615723,-0.004206657409667969,0,0,0
278041959,d4:22:cd:00:30:92,0.7692058086395264,0.5921850800514221,-0.12430141121149063,-0.20539875328540802,-0.05420457571744919,-0.024335643276572227,-0.031826019287109375,0,0,0
278058626,d4:22:cd:00:30:92,0.7692504525184631,0.5921990275382996,-0.1242036521434784,-0.20524975657463074,-0.019181881099939346,-0.031361550092697144,-0.022833824157714844,0,0,0
278075293,d4:22:cd:00:30:92,0.7693198919296265,0.5922137498855591,-0.12410563230514526,-0.20500676333904266,0.045646149665117264,-0.04992295801639557,-0.023865699768066406,0,0,0
278091960,d4:22:cd:00:30:92,0.7694053649902344,0.592215895652771,-0.12405744940042496,-0.20470871031284332,0.05922998487949371,-0.043502327054739,-0.03660011291503906,0,0,0
278108627,d4:22:cd:00:30:92,0.7694774270057678,0.5922631621360779,-0.1239972785115242,-0.20433630049228668,0.0320902019739151,-0.0330200158059597,0.03166770935058594,0,0,0
278125294,d4:22:cd:00:30:92,0.7695460319519043,0.592298150062561,-0.12395676225423813,-0.2040015310049057,-0.011102894321084023,0.027125084772706032,0.09087562561035156,0,0,0
278141961,d4:22:cd:00:30:92,0.7696168422698975,0.5923222899436951,-0.12389764189720154,-0.20369954407215118,-0.04697130247950554,0.02934456802904606,0.10425949096679688,0,0,0
278158628,d4:22:cd:00:30:92,0.7696811556816101,0.5923505425453186,-0.12382154166698456,-0.2034205198287964,-0.02341303788125515,0.055024418979883194,0.08236503601074219,0,0,0
278175295,d4:22:cd:00:30:92,0.7697378993034363,0.592367947101593,-0.1237780749797821,-0.20318220555782318,0.02312096208333969,0.012025890871882439,0.07385921478271484,0,0,0
278191962,d4:22:cd:00:30:92,0.7697794437408447,0.5924056172370911,-0.12371131777763367,-0.20295551419258118,0.05659303441643715,-0.009522099047899246,0.04940319061279297,0,0,0
278208629,d4:22:cd:00:30:92,0.769810140132904,0.5924878120422363,-0.12362600862979889,-0.20265065133571625,0.020885944366455078,-0.009992817416787148,0.05635547637939453,0,0,0
278225296,d4:22:cd:00:30:92,0.76981520652771,0.5925570726394653,-0.12357708066701889,-0.20245890319347382,-0.017176859080791473,-0.02385866641998291,0.1180868148803711,0,0,0
278241963,d4:22:cd:00:30:92,0.7698404788970947,0.5925837159156799,-0.1235356479883194,-0.20231033861637115,-0.011060538701713085,-0.0014917254447937012,0.11219406127929688,0,0,0
278258630,d4:22:cd:00:30:92,0.769870936870575,0.5926284790039062,-0.12343577295541763,-0.2021239846944809,0.00013533708988688886,-0.01599816419184208,0.06570148468017578,0,0,0
278275297,d4:22:cd:00:30:92,0.7698804140090942,0.5926811695098877,-0.12334686517715454,-0.20198777318000793,0.006138727534562349,-0.014127359725534916,0.015626907348632812,0,0,0
278291964,d4:22:cd:00:30:92,0.7699092626571655,0.592746913433075,-0.12322948127985,-0.20175620913505554,-0.002423550933599472,-0.030838975682854652,0.046227455139160156,0,0,0
278308631,d4:22:cd:00:30:92,0.7699395418167114,0.5928128957748413,-0.12307825684547424,-0.20153923332691193,-0.020827719941735268,0.019930649548768997,0.11794853210449219,0,0,0
278325298,d4:22:cd:00:30:92,0.7699760794639587,0.5928407907485962,-0.1229565218091011,-0.2013915330171585,0.01697513833642006,0.031310588121414185,0.08992958068847656,0,0,0
278341965,d4:22:cd:00:30:92,0.7700023651123047,0.5928540229797363,-0.12285928428173065,-0.201310932636261,0.03201794996857643,0.04253764450550079,0.06402111053466797,0,0,0
278358632,d4:22:cd:00:30:92,0.7700065970420837,0.5928985476493835,-0.12276634573936462,-0.2012202888727188,0.02966883033514023,0.03297128900885582,0.010530471801757812,0,0,0
278375299,d4:22:cd:00:30:92,0.769995391368866,0.5929392576217651,-0.12272379547357559,-0.2011692374944687,0.025276465341448784,0.018227482214570045,0.06425762176513672,0,0,0
278391966,d4:22:cd:00:30:92,0.7699925303459167,0.5929531455039978,-0.12267898768186569,-0.20116643607616425,0.0008452142355963588,0.07291082292795181,0.07330513000488281,0,0,0
278408633,d4:22:cd:00:30:92,0.769977331161499,0.5929386615753174,-0.1226796880364418,-0.20126718282699585,-0.010843954980373383,0.07796444743871689,0.11033916473388672,0,0,0
278425300,d4:22:cd:00:30:92,0.7699718475341797,0.592902421951294,-0.12268316000699997,-0.20139284431934357,0.02571505308151245,0.02149658277630806,0.07415485382080078,0,0,0
278441967,d4:22:cd:00:30:92,0.7699503302574158,0.5928732752799988,-0.12270498275756836,-0.2015475630760193,0.07556045800447464,-0.0013763927854597569,0.004591941833496094,0,0,0
278458634,d4:22:cd:00:30:92,0.7699347138404846,0.5928399562835693,-0.12276750802993774,-0.20166729390621185,0.04421309754252434,-0.035144731402397156,-0.04653358459472656,0,0,0
278475301,d4:22:cd:00:30:92,0.76991868019104,0.5928390026092529,-0.12282812595367432,-0.2016938328742981,-0.023895826190710068,-0.008668726310133934,-0.018716812133789062,0,0,0
278491968,d4:22:cd:00:30:92,0.769901692867279,0.592830240726471,-0.1229223981499672,-0.201727032661438,-0.05386125668883324,0.01150152925401926,0.08474063873291016,0,0,0
278508635,d4:22:cd:00:30:92,0.7699000835418701,0.5928047895431519,-0.12299441546201706,-0.20176401734352112,-0.016475195065140724,-0.026958344504237175,0.032402992248535156,0,0,0
278525302,d4:22:cd:00:30:92,0.7698839902877808,0.5928096175193787,-0.12307951599359512,-0.201759472489357,0.019189760088920593,-0.03169458359479904,0.015013694763183594,0,0,0
278541969,d4:22:cd:00:30:92,0.7698732018470764,0.5928026437759399,-0.12316098809242249,-0.20177185535430908,0.01654934696853161,-0.031051313504576683,0.09824562072753906,0,0,0
278558636,d4:22:cd:00:30:92,0.769889235496521,0.5927865505218506,-0.12316479533910751,-0.2017550766468048,0.005190752912312746,-0.031136248260736465,0.12305927276611328,0,0,0
278575303,d4:22:cd:00:30:92,0.7699088454246521,0.5927659869194031,-0.12313036620616913,-0.20176146924495697,0.009359939955174923,-0.021834533661603928,0.11762714385986328,0,0,0
278591970,d4:22:cd:00:30:92,0.7699364423751831,0.5927602052688599,-0.12303571403026581,-0.20173108577728271,0.010722139850258827,-0.017526544630527496,0.06511688232421875,0,0,0
278608637,d4:22:cd:00:30:92,0.7699435949325562,0.5927570462226868,-0.12296915054321289,-0.2017533928155899,-0.014835784211754799,0.001965572824701667,0.05660057067871094,0,0,0
278625304,d4:22:cd:00:30:92,0.7699502110481262,0.5927597880363464,-0.12291333824396133,-0.20175479352474213,-0.011933188885450363,0.008902967907488346,0.021864891052246094,0,0,0
278641971,d4:22:cd:00:30:92,0.769940972328186,0.5927822589874268,-0.12288521975278854,-0.20174099504947662,-0.009549758397042751,-0.02172858826816082,0.030371665954589844,0,0,0
278658638,d4:22:cd:00:30:92,0.7699315547943115,0.592798113822937,-0.12285344302654266,-0.20174986124038696,0.013669940643012524,-0.05148620903491974,0.09679508209228516,0,0,0
278675305,d4:22:cd:00:30:92,0.7699525952339172,0.5927991271018982,-0.12275097519159317,-0.20172849297523499,0.02465750277042389,-0.007743382826447487,0.1573476791381836,0,0,0
278691972,d4:22:cd:00:30:92,0.7699639201164246,0.5928024649620056,-0.12263107299804688,-0.2017483413219452,0.005023174453526735,0.007788532413542271,0.08927154541015625,0,0,0
278708639,d4:22:cd:00:30:92,0.7699865102767944,0.5927993655204773,-0.12249387055635452,-0.20175495743751526,-0.0054022520780563354,-0.019428640604019165,0.03139305114746094,0,0,0
278725306,d4:22:cd:00:30:92,0.7700051665306091,0.5928045511245728,-0.12237650901079178,-0.2017398327589035,-0.009788861498236656,-0.044633302837610245,0.023917198181152344,0,0,0
278741973,d4:22:cd:00:30:92,0.7700080275535583,0.5928141474723816,-0.12229437381029129,-0.20175063610076904,0.02008381299674511,-0.026471979916095734,0.05018424987792969,0,0,0
278758640,d4:22:cd:00:30:92,0.7700225710868835,0.5928256511688232,-0.12218481302261353,-0.20172715187072754,0.021258708089590073,-0.01443133782595396,0.0919952392578125,0,0,0
278775307,d4:22:cd:00:30:92,0.7700560688972473,0.5928239822387695,-0.12208296358585358,-0.20166650414466858,-0.019395727664232254,-0.02123149484395981,-0.03877449035644531,0,0,0
278791974,d4:22:cd:00:30:92,0.770066499710083,0.5928774476051331,-0.1220172792673111,-0.20150896906852722,-0.01849273592233658,-0.05020548030734062,-0.08276939392089844,0,0,0
278808641,d4:22:cd:00:30:92,0.7700858116149902,0.5929340720176697,-0.12197761982679367,-0.20129281282424927,0.01361842080950737,-0.029555117711424828,0.03473377227783203,0,0,0
278825308,d4:22:cd:00:30:92,0.7701106667518616,0.5929780006408691,-0.12193922698497772,-0.2010909765958786,0.03782520815730095,0.022885939106345177,0.10909461975097656,0,0,0
278841975,d4:22:cd:00:30:92,0.770127534866333,0.5930019617080688,-0.12191900610923767,-0.20096781849861145,-0.004106547683477402,0.040897954255342484,0.08043766021728516,0,0,0
278858642,d4:22:cd:00:30:92,0.770147442817688,0.5930143594741821,-0.1218801885843277,-0.20087845623493195,-0.005140071734786034,0.02386850118637085,0.10034561157226562,0,0,0
278875309,d4:22:cd:00:30:92,0.7701838612556458,0.5930210947990417,-0.12180105596780777,-0.20076696574687958,0.03666350245475769,0.002968698972836137,0.06952857971191406,0,0,0
278891976,d4:22:cd:00:30:92,0.7701885104179382,0.5930215716362,-0.12179601192474365,-0.20075073838233948,0.05511237308382988,-0.008900732733309269,0.03333568572998047,0,0,0
278908643,d4:22:cd:00:30:92,0.7701895833015442,0.5930277705192566,-0.12179704010486603,-0.20072762668132782,-0.0034357851836830378,0.029658380895853043,0.037845611572265625,0,0,0
278925310,d4:22:cd:00:30:92,0.7701989412307739,0.5930309295654297,-0.12179984152317047,-0.20068047940731049,-0.03237356245517731,0.01322436798363924,0.011073112487792969,0,0,0
278941977,d4:22:cd:00:30:92,0.7702050805091858,0.5930454730987549,-0.12181536853313446,-0.20060457289218903,-0.003675502957776189,-0.0010017850436270237,0.026285171508789062,0,0,0
278958644,d4:22:cd:00:30:92,0.7702326774597168,0.593048632144928,-0.12185373157262802,-0.20046602189540863,0.013237833976745605,-0.04543258622288704,-0.040335655212402344,0,0,0
278975311,d4:22:cd:00:30:92,0.7702230215072632,0.5930971503257751,-0.1219058558344841,-0.2003280371427536,0.02632211521267891,-0.022210482507944107,0.10756397247314453,0,0,0
278991978,d4:22:cd:00:30:92,0.7702416777610779,0.5930920243263245,-0.1219235211610794,-0.20026063919067383,0.013744146563112736,0.0029137148521840572,0.2037668228149414,0,0,0
279008645,d4:22:cd:00:30:92,0.7702702283859253,0.5930855870246887,-0.12185439467430115,-0.20021207630634308,-0.01443334948271513,0.03782286122441292,0.15164661407470703,0,0,0
279025312,d4:22:cd:00:30:92,0.7702913284301758,0.5930856466293335,-0.12175894528627396,-0.20018881559371948,-0.0009278581710532308,0.03330566734075546,0.052753448486328125,0,0,0
279041979,d4:22:cd:00:30:92,0.7703146934509277,0.5930686593055725,-0.12171056866645813,-0.20017871260643005,0.040718305855989456,0.03077058121562004,-0.00873565673828125,0,0,0
279058646,d4:22:cd:00:30:92,0.7703033089637756,0.5930700898170471,-0.12173295021057129,-0.2002047896385193,0.008599493652582169,0.022700870409607887,0.022365570068359375,0,0,0
279075313,d4:22:cd:00:30:92,0.7702877521514893,0.5930711030960083,-0.12177523970603943,-0.20023596286773682,-0.007402693387120962,0.023578381165862083,0.07642936706542969,0,0,0
279091980,d4:22:cd:00:30:92,0.7702670693397522,0.5930616855621338,-0.12181629985570908,-0.20031839609146118,0.0008487345767207444,0.023820223286747932,0.0791330337524414,0,0,0
279108647,d4:22:cd:00:30:92,0.7702502608299255,0.5930601954460144,-0.12184777855873108,-0.2003679871559143,0.008098321035504341,-0.001152432756498456,0.04745674133300781,0,0,0
279125314,d4:22:cd:00:30:92,0.7702404260635376,0.5930585861206055,-0.12185545265674591,-0.20040595531463623,0.04147025942802429,0.0017483183182775974,0.055999755859375,0,0,0
279141981,d4:22:cd:00:30:92,0.7702081799507141,0.5930581092834473,-0.121907539665699,-0.20049947500228882,0.017683617770671844,-0.0295949038118124,0.08873176574707031,0,0,0
279158648,d4:22:cd:00:30:92,0.7701913118362427,0.5930556654930115,-0.12191039323806763,-0.20056982338428497,0.012201795354485512,-0.007063009310513735,0.07598686218261719,0,0,0
279175315,d4:22:cd:00:30:92,0.7701627016067505,0.5930479764938354,-0.12195992469787598,-0.20067249238491058,-0.01727643422782421,-0.017425963655114174,0.031024932861328125,0,0,0
279191982,d4:22:cd:00:30:92,0.7701430916786194,0.5930582880973816,-0.12196873873472214,-0.20071172714233398,-0.032287731766700745,-0.00499283242970705,0.023000717163085938,0,0,0
279208649,d4:22:cd:00:30:92,0.7701380848884583,0.5930709838867188,-0.12196078151464462,-0.20069816708564758,0.0037005923222750425,-0.03202538192272186,0.10820579528808594,0,0,0
279225316,d4:22:cd:00:30:92,0.7701188921928406,0.5930684208869934,-0.1219511479139328,-0.20078526437282562,0.038255080580711365,-0.022670919075608253,0.14165019989013672,0,0,0
279241983,d4:22:cd:00:30:92,0.77010178565979,0.5930516123771667,-0.1219334527850151,-0.20091140270233154,0.01870870403945446,-0.017558284103870392,0.0924539566040039,0,0,0
279258650,d4:22:cd:00:30:92,0.7700861096382141,0.5930594205856323,-0.12188751250505447,-0.2009766399860382,0.010878990404307842,-0.0069646635092794895,0.011701583862304688,0,0,0
279275317,d4:22:cd:00:30:92,0.770067036151886,0.5930680632591248,-0.12185458838939667,-0.20104411244392395,-0.015375399962067604,-0.009333454072475433,0.06393909454345703,0,0,0
279291984,d4:22:cd:00:30:92,0.7700343728065491,0.5930913090705872,-0.12180788815021515,-0.20112858712673187,-0.0063177053816616535,0.013541309162974358,0.09223651885986328,0,0,0
279308651,d4:22:cd:00:30:92,0.770024836063385,0.593097448348999,-0.12173150479793549,-0.20119327306747437,0.00274702999740839,-0.008143470622599125,0.05755043029785156,0,0,0
279325318,d4:22:cd:00:30:92,0.7700326442718506,0.5930731892585754,-0.12170659005641937,-0.2012498825788498,-0.00613526301458478,-0.03829715773463249,-0.037204742431640625,0,0,0
279341985,d4:22:cd:00:30:92,0.770047128200531,0.5930736064910889,-0.12169049680233002,-0.20120283961296082,0.0011509800096973777,-0.04891670495271683,-0.051611900329589844,0,0,0
279358652,d4:22:cd:00:30:92,0.7700530886650085,0.5930793881416321,-0.1217058077454567,-0.2011539489030838,0.018935849890112877,-0.036851029843091965,0.04284191131591797,0,0,0
279375319,d4:22:cd:00:30:92,0.7700873613357544,0.5930728316307068,-0.12167268246412277,-0.20106248557567596,0.011442243121564388,-0.00814391765743494,0.10719013214111328,0,0,0
279391986,d4:22:cd:00:30:92,0.7701113224029541,0.5930742025375366,-0.12163636833429337,-0.2009882777929306,-0.00716062868013978,-0.0082941185683012,0.06437873840332031,0,0,0
279408653,d4:22:cd:00:30:92,0.7701213955879211,0.5930679440498352,-0.12165519595146179,-0.2009568065404892,-0.018941605463624,-0.008222594857215881,0.008184432983398438,0,0,0
279425320,d4:22:cd:00:30:92,0.7701446413993835,0.5930822491645813,-0.12163468450307846,-0.20083826780319214,-0.019876448437571526,0.02291499450802803,0.057511329650878906,0,0,0
279441987,d4:22:cd:00:30:92,0.7701627612113953,0.5930880308151245,-0.12161242216825485,-0.20076464116573334,0.01685265265405178,0.0012002645526081324,0.133575439453125,0,0,0
279458654,d4:22:cd:00:30:92,0.7701802849769592,0.5930821299552917,-0.12156479805707932,-0.20074360072612762,0.04260682314634323,-0.02325562946498394,0.12314224243164062,0,0,0
279475321,d4:22:cd:00:30:92,0.7701777815818787,0.5930841565132141,-0.121519073843956,-0.200774684548378,0.043260931968688965,-0.02524757571518421,0.07041549682617188,0,0,0
279491988,d4:22:cd:00:30:92,0.7701943516731262,0.5930859446525574,-0.1214604452252388,-0.20074139535427094,0.023631354793906212,-0.027140730991959572,0.019712448120117188,0,0,0
279508655,d4:22:cd:00:30:92,0.7701863050460815,0.5930940508842468,-0.12145961076021194,-0.20074881613254547,-0.003059166017919779,-0.03413981571793556,0.028802871704101562,0,0,0
279525322,d4:22:cd:00:30:92,0.7702111005783081,0.5930850505828857,-0.12142141908407211,-0.20070324838161469,-0.03846278041601181,-0.006143030244857073,0.0920705795288086,0,0,0
279541989,d4:22:cd:00:30:92,0.7702491283416748,0.5930673480033875,-0.12136232107877731,-0.2006455361843109,-0.043664708733558655,-0.018718315288424492,0.06400203704833984,0,0,0
279558656,d4:22:cd:00:30:92,0.7702921032905579,0.5930717587471008,-0.12127425521612167,-0.20052073895931244,0.03320419043302536,-0.041755348443984985,0.03775787353515625,0,0,0
279575323,d4:22:cd:00:30:92,0.7703363299369812,0.5930675864219666,-0.12119881063699722,-0.200408935546875,0.03877854719758034,-0.045560434460639954,0.039635658264160156,0,0,0
279591990,d4:22:cd:00:30:92,0.7703850269317627,0.5930692553520203,-0.1210903748869896,-0.20028246939182281,0.00454161548987031,-0.010131395421922207,0.05352020263671875,0,0,0
279608657,d4:22:cd:00:30:92,0.7704201936721802,0.5930528044700623,-0.12106765061616898,-0.2002096325159073,-0.035845499485731125,0.010226611979305744,0.06135272979736328,0,0,0
279625324,d4:22:cd:00:30:92,0.7704763412475586,0.5930280685424805,-0.12102022022008896,-0.20009534060955048,-0.005024068523198366,0.014203354716300964,0.014517784118652344,0,0,0
279641991,d4:22:cd:00:30:92,0.7705196738243103,0.5930137038230896,-0.1210189014673233,-0.1999719738960266,0.04275825247168541,-0.020148351788520813,0.010916709899902344,0,0,0
279658658,d4:22:cd:00:30:92,0.770556628704071,0.5930052995681763,-0.12101761996746063,-0.19985540211200714,0.05985637754201889,0.020030783489346504,0.10851001739501953,0,0,0
279675325,d4:22:cd:00:30:92,0.7705578804016113,0.5930064916610718,-0.12105085700750351,-0.19982628524303436,0.03027220442891121,0.10541452467441559,0.105682373046875,0,0,0
279691992,d4:22:cd:00:30:92,0.7705419659614563,0.5930183529853821,-0.1210658922791481,-0.19984379410743713,-0.016906408593058586,0.008103685453534126,0.09096431732177734,0,0,0
279708659,d4:22:cd:00:30:92,0.7705310583114624,0.5930179357528687,-0.12107905000448227,-0.19987888634204865,0.0016191836912184954,0.032064273953437805,0.07276344299316406,0,0,0
279725326,d4:22:cd:00:30:92,0.7705069780349731,0.5930154919624329,-0.1211009994149208,-0.19996534287929535,0.039618175476789474,0.005191758740693331,0.08655738830566406,0,0,0
279741993,d4:22:cd:00:30:92,0.770451009273529,0.5930219292640686,-0.12115799635648727,-0.2001274824142456,0.04645510017871857,0.021766139194369316,0.07880592346191406,0,0,0
279758660,d4:22:cd:00:30:92,0.770423412322998,0.5930233597755432,-0.12116390466690063,-0.20022596418857574,0.003818327793851495,-0.013839474879205227,0.052872657775878906,0,0,0
279775327,d4:22:cd:00:30:92,0.7703806161880493,0.5930370092391968,-0.12120646238327026,-0.20032456517219543,-0.006388614885509014,-0.012294106185436249,-0.016185760498046875,0,0,0
279791994,d4:22:cd:00:30:92,0.7703571915626526,0.5930290222167969,-0.12128155678510666,-0.20039257407188416,-0.009831049479544163,-0.013380379416048527,-0.009143829345703125,0,0,0
279808661,d4:22:cd:00:30:92,0.7703308463096619,0.5930294990539551,-0.12139149755239487,-0.20042617619037628,0.0076001668348908424,-0.04054882749915123,0.0034942626953125,0,0,0
279825328,d4:22:cd:00:30:92,0.7703218460083008,0.5930271148681641,-0.12149430811405182,-0.20040565729141235,0.009354072622954845,-0.05444999039173126,0.008878707885742188,0,0,0
279841995,d4:22:cd:00:30:92,0.7703148722648621,0.5930230021476746,-0.1216110959649086,-0.2003735899925232,-0.026344522833824158,-0.013118869625031948,0.05791282653808594,0,0,0
279858662,d4:22:cd:00:30:92,0.770308256149292,0.5930153727531433,-0.12172599136829376,-0.20035186409950256,-0.0022866493090987206,-0.0021278434433043003,0.07703399658203125,0,0,0
279875329,d4:22:cd:00:30:92,0.7703244686126709,0.5930038690567017,-0.12178047001361847,-0.20029062032699585,0.0027461920399218798,-0.02786535955965519,0.106048583984375,0,0,0
279891996,d4:22:cd:00:30:92,0.7703250050544739,0.5930016040802002,-0.12183801829814911,-0.20025987923145294,0.03481918200850487,-0.009864968247711658,0.10316085815429688,0,0,0
279908663,d4:22:cd:00:30:92,0.7703200578689575,0.5929967164993286,-0.12187395244836807,-0.20027124881744385,0.016544541344046593,0.0012132283300161362,0.10416793823242188,0,0,0
279925330,d4:22:cd:00:30:92,0.7703157663345337,0.5930065512657166,-0.12187197059392929,-0.200259730219841,-0.0040819053538143635,0.022187236696481705,0.06268119812011719,0,0,0
279941997,d4:22:cd:00:30:92,0.7703011631965637,0.5929980874061584,-0.12191526591777802,-0.20031507313251495,-0.021141083911061287,0.006751432549208403,0.06507301330566406,0,0,0
279958664,d4:22:cd:00:30:92,0.7702783346176147,0.5930008292198181,-0.12192409485578537,-0.20038945972919464,0.02714570425450802,0.0033066505566239357,0.12539958953857422,0,0,0
279975331,d4:22:cd:00:30:92,0.770244300365448,0.5930038094520569,-0.1219351664185524,-0.2005048394203186,0.037202056497335434,-0.026632463559508324,0.09276866912841797,0,0,0
279991998,d4:22:cd:00:30:92,0.7702146172523499,0.592998743057251,-0.1219516322016716,-0.200624018907547,0.006056642159819603,0.007116205524653196,-0.010944366455078125,0,0,0
280008665,d4:22:cd:00:30:92,0.7701897025108337,0.593001663684845,-0.12199877202510834,-0.20068220794200897,0.000191997634829022,0.022694164887070656,-0.016376495361328125,0,0,0
280025332,d4:22:cd:00:30:92,0.7701619267463684,0.5929985046386719,-0.12208616733551025,-0.20074519515037537,0.051551755517721176,-0.017204686999320984,0.042319297790527344,0,0,0
280041999,d4:22:cd:00:30:92,0.7701168656349182,0.5930042266845703,-0.12219896167516708,-0.20083265006542206,0.059217020869255066,-0.018383046612143517,0.07747745513916016,0,0,0
280058666,d4:22:cd:00:30:92,0.7700764536857605,0.593009889125824,-0.12228630483150482,-0.20091716945171356,-0.0002720711345318705,0.017558731138706207,0.07121086120605469,0,0,0
280075333,d4:22:cd:00:30:92,0.7700328230857849,0.5929827690124512,-0.12242873758077621,-0.20107769966125488,-0.06425449997186661,0.016902050003409386,0.044442176818847656,0,0,0
280092000,d4:22:cd:00:30:92,0.7700271606445312,0.5929471850395203,-0.12251744419336319,-0.20115044713020325,-0.011785726062953472,-0.005717461463063955,0.028885841369628906,0,0,0
280108667,d4:22:cd:00:30:92,0.7700043320655823,0.5929386615753174,-0.12263733893632889,-0.2011900246143341,0.04529830813407898,-0.03333472087979317,-0.02933216094970703,0,0,0
280125334,d4:22:cd:00:30:92,0.7699657082557678,0.5929399132728577,-0.12282881140708923,-0.20121753215789795,0.06507104635238647,-0.06631182134151459,-0.029569625854492188,0,0,0
280142001,d4:22:cd:00:30:92,0.7699534893035889,0.5929338932037354,-0.12300923466682434,-0.2011708915233612,-0.013043545186519623,-0.07314014434814453,0.0072116851806640625,0,0,0
280158668,d4:22:cd:00:30:92,0.7699533104896545,0.5929521918296814,-0.12316429615020752,-0.2010228931903839,-0.0964386910200119,-0.0433865450322628,0.04871654510498047,0,0,0
280175335,d4:22:cd:00:30:92,0.7699964642524719,0.5929369330406189,-0.12328311055898666,-0.2008296102285385,-0.07509459555149078,-0.08054512739181519,0.09255790710449219,0,0,0
280192002,d4:22:cd:00:30:92,0.7700616717338562,0.5929204225540161,-0.1233268603682518,-0.20060190558433533,0.0033845449797809124,-0.06771057099103928,0.10028362274169922,0,0,0
280208669,d4:22:cd:00:30:92,0.7701283693313599,0.5929025411605835,-0.12333033978939056,-0.2003965973854065,0.05479062348604202,-0.04713306948542595,0.11727523803710938,0,0,0
280225336,d4:22:cd:00:30:92,0.7701775431632996,0.5929098725318909,-0.12329700589179993,-0.2002057284116745,0.02455703355371952,-0.006371013354510069,0.12919139862060547,0,0,0
280242003,d4:22:cd:00:30:92,0.770203709602356,0.5929240584373474,-0.12323791533708572,-0.20009993016719818,-0.03106740675866604,0.049285054206848145,0.17590999603271484,0,0,0
280258670,d4:22:cd:00:30:92,0.7702242136001587,0.592936098575592,-0.12311961501836777,-0.20005786418914795,-0.039329785853624344,0.05662790313363075,0.20275497436523438,0,0,0
280275337,d4:22:cd:00:30:92,0.7702594995498657,0.5929287672042847,-0.1229185089468956,-0.20006753504276276,0.01521262712776661,0.013324500992894173,0.2012195587158203,0,0,0
280292004,d4:22:cd:00:30:92,0.7702725529670715,0.5929037928581238,-0.12274602055549622,-0.20019735395908356,0.06373220682144165,-0.05030740052461624,0.03266716003417969,0,0,0
280308671,d4:22:cd:00:30:92,0.770288348197937,0.5929058790206909,-0.12257551401853561,-0.20023445785045624,0.07213796675205231,-0.07304134964942932,-0.0656900405883789,0,0,0
280325338,d4:22:cd:00:30:92,0.7702857255935669,0.5929264426231384,-0.122458316385746,-0.20025524497032166,0.023380795493721962,-0.03412148728966713,0.0025005340576171875,0,0,0
280342005,d4:22:cd:00:30:92,0.7702957391738892,0.59293532371521,-0.12235014885663986,-0.20025664567947388,-0.040170811116695404,0.015281133353710175,0.05354118347167969,0,0,0
280358672,d4:22:cd:00:30:92,0.770314633846283,0.5929445028305054,-0.12225697189569473,-0.20021352171897888,-0.05755525827407837,0.01545234490185976,-0.04141426086425781,0,0,0
280375339,d4:22:cd:00:30:92,0.7703374028205872,0.5929626226425171,-0.1222030371427536,-0.20010530948638916,-0.018592478707432747,-0.018801014870405197,-0.08431053161621094,0,0,0
280392006,d4:22:cd:00:30:92,0.7703544497489929,0.5929842591285706,-0.1222122311592102,-0.19996967911720276,0.01761779375374317,-0.03194804862141609,0.034958839416503906,0,0,0
280408673,d4:22:cd:00:30:92,0.7703883051872253,0.5930002927780151,-0.12219183146953583,-0.19980435073375702,0.023042453452944756,-0.0046830433420836926,0.11385917663574219,0,0,0
280425340,d4:22:cd:00:30:92,0.7704018950462341,0.5930088758468628,-0.12217207998037338,-0.19973786175251007,0.022704893723130226,-0.005651748739182949,0.13959789276123047,0,0,0
280442007,d4:22:cd:00:30:92,0.7704161405563354,0.5930154323577881,-0.12211127579212189,-0.19970102608203888,0.017342593520879745,0.008915484882891178,0.12766265869140625,0,0,0
280458674,d4:22:cd:00:30:92,0.7704266905784607,0.5930182337760925,-0.12205225229263306,-0.19968783855438232,0.022061176598072052,-0.0018895785324275494,0.0753183364868164,0,0,0
280475341,d4:22:cd:00:30:92,0.7704400420188904,0.5930389761924744,-0.12199697643518448,-0.19960874319076538,-0.001599346986040473,-0.0664079338312149,-0.056819915771484375,0,0,0
280492008,d4:22:cd:00:30:92,0.7704654932022095,0.5930596590042114,-0.12196777760982513,-0.19946660101413727,-0.013559245504438877,-0.03198917582631111,0.0013036727905273438,0,0,0
280508675,d4:22:cd:00:30:92,0.7705008387565613,0.5930646657943726,-0.12195903062820435,-0.19932085275650024,-0.017348293215036392,0.000392041722079739,0.07384872436523438,0,0,0
280525342,d4:22:cd:00:30:92,0.7705227136611938,0.5930695533752441,-0.12195051461458206,-0.19922707974910736,-0.012543155811727047,0.059859003871679306,0.12201118469238281,0,0,0
280542009,d4:22:cd:00:30:92,0.77055823802948,0.5930551290512085,-0.12192211300134659,-0.19915013015270233,-0.039661142975091934,-0.0010460406774654984,0.07863140106201172,0,0,0
280558676,d4:22:cd:00:30:92,0.7705700993537903,0.5930721759796143,-0.12189100682735443,-0.19907246530056,0.01039866078644991,0.0263088159263134,0.06557750701904297,0,0,0
280575343,d4:22:cd:00:30:92,0.7705877423286438,0.5930724143981934,-0.12183262407779694,-0.1990390568971634,0.08647347241640091,-0.06700649857521057,0.11863327026367188,0,0,0
280592010,d4:22:cd:00:30:92,0.7705929279327393,0.5930594801902771,-0.1217983290553093,-0.19907845556735992,0.0765007734298706,-0.005462209694087505,0.09424972534179688,0,0,0
280608677,d4:22:cd:00:30:92,0.7705711126327515,0.5930682420730591,-0.12179570645093918,-0.19913868606090546,-0.002441990887746215,0.0038788437377661467,0.013583183288574219,0,0,0
280625344,d4:22:cd:00:30:92,0.7705446481704712,0.5930869579315186,-0.12179801613092422,-0.19918367266654968,-0.01623307541012764,0.02821359410881996,0.04872417449951172,0,0,0
280642011,d4:22:cd:00:30:92,0.7705382108688354,0.5930847525596619,-0.12178628146648407,-0.1992223560810089,-0.010581214912235737,0.02493063546717167,0.06544685363769531,0,0,0
280658678,d4:22:cd:00:30:92,0.7705203294754028,0.5930858254432678,-0.12179267406463623,-0.19928450882434845,-0.0021079506259411573,0.02650640159845352,0.02771282196044922,0,0,0
280675345,d4:22:cd:00:30:92,0.7705197334289551,0.5930749177932739,-0.12180723249912262,-0.1993098258972168,0.016591142863035202,-0.030400890856981277,0.02312755584716797,0,0,0
280692012,d4:22:cd:00:30:92,0.7705270648002625,0.5930805206298828,-0.12180588394403458,-0.19926568865776062,0.020345434546470642,-0.014428208582103252,-0.0068187713623046875,0,0,0
280708679,d4:22:cd:00:30:92,0.7705144882202148,0.5930916666984558,-0.12187669426202774,-0.19923821091651917,0.005841064266860485,0.010852447710931301,0.02016448974609375,0,0,0
280725346,d4:22:cd:00:30:92,0.7705021500587463,0.5930919647216797,-0.12196648120880127,-0.19923026859760284,-0.0006050495430827141,-0.009137656539678574,0.08999252319335938,0,0,0
280742013,d4:22:cd:00:30:92,0.770497739315033,0.5930841565132141,-0.12202230840921402,-0.19923646748065948,0.014470620080828667,0.02088102698326111,0.11629390716552734,0,0,0
280758680,d4:22:cd:00:30:92,0.7704892158508301,0.59307861328125,-0.12205631285905838,-0.1992650032043457,0.011007677763700485,-0.019912322983145714,0.08381366729736328,0,0,0
280775347,d4:22:cd:00:30:92,0.7704766392707825,0.5930780172348022,-0.12205684185028076,-0.19931505620479584,0.004621018655598164,-0.010793888010084629,0.12755298614501953,0,0,0
280792014,d4:22:cd:00:30:92,0.7704569697380066,0.5930873155593872,-0.12202881276607513,-0.19938012957572937,-0.0026515342760831118,0.0067599257454276085,0.12462902069091797,0,0,0
280808681,d4:22:cd:00:30:92,0.7704377174377441,0.5930853486061096,-0.12198392301797867,-0.19948789477348328,-0.015431446023285389,-0.005567260552197695,0.10592365264892578,0,0,0
280825348,d4:22:cd:00:30:92,0.770409107208252,0.593091607093811,-0.12194030731916428,-0.19960594177246094,0.018632374703884125,-0.029632899910211563,0.03458595275878906,0,0,0
280842015,d4:22:cd:00:30:92,0.7703960537910461,0.593093752861023,-0.12190818041563034,-0.19966961443424225,-0.0009607704123482108,-0.05982949957251549,-0.014369964599609375,0,0,0
280858682,d4:22:cd:00:30:92,0.7703834176063538,0.5931033492088318,-0.12192179262638092,-0.19968225061893463,-0.02463638037443161,-0.03617288917303085,-0.062409400939941406,0,0,0
280875349,d4:22:cd:00:30:92,0.7703914046287537,0.5931046009063721,-0.12196215242147446,-0.19962315261363983,-0.023942148312926292,-0.006260598078370094,-0.013390541076660156,0,0,0
280892016,d4:22:cd:00:30:92,0.770384669303894,0.5931227803230286,-0.12202132493257523,-0.199558824300766,0.015451562590897083,-0.0024421026464551687,0.10953044891357422,0,0,0
280908683,d4:22:cd:00:30:92,0.7704064846038818,0.5931084752082825,-0.12204665690660477,-0.19950173795223236,0.027172358706593513,0.0009915034752339125,0.11185169219970703,0,0,0
280925350,d4:22:cd:00:30:92,0.7704004645347595,0.5931124687194824,-0.122052401304245,-0.19950969517230988,0.028856026008725166,-0.0249199066311121,0.10759544372558594,0,0,0
280942017,d4:22:cd:00:30:92,0.7703956365585327,0.5931039452552795,-0.12207125127315521,-0.19954238831996918,0.007253833580762148,0.008595861494541168,0.04550933837890625,0,0,0
280958684,d4:22:cd:00:30:92,0.7703791856765747,0.5931068658828735,-0.12211104482412338,-0.19957202672958374,-0.016217317432165146,-0.01459003146737814,0.015007972717285156,0,0,0
280975351,d4:22:cd:00:30:92,0.7703706622123718,0.5931323170661926,-0.12211691588163376,-0.19952630996704102,0.01858549378812313,-0.017951220273971558,0.04412364959716797,0,0,0
280992018,d4:22:cd:00:30:92,0.7703601121902466,0.5931352376937866,-0.12216240167617798,-0.1995304673910141,0.01476688589900732,-0.010995496064424515,0.09962940216064453,0,0,0
281008685,d4:22:cd:00:30:92,0.7703332304954529,0.5931516885757446,-0.12218797951936722,-0.19956950843334198,0.0017449656734243035,0.006142136175185442,0.0999603271484375,0,0,0
281025352,d4:22:cd:00:30:92,0.7703275084495544,0.5931346416473389,-0.12219710648059845,-0.19963671267032623,-0.04686178267002106,0.02557256445288658,0.08344078063964844,0,0,0
281042019,d4:22:cd:00:30:92,0.7703089118003845,0.5931267142295837,-0.1222144141793251,-0.19972124695777893,-0.006567313335835934,0.018880587071180344,0.031152725219726562,0,0,0
281058686,d4:22:cd:00:30:92,0.7702940702438354,0.5931128263473511,-0.12224163860082626,-0.19980311393737793,0.02243444323539734,-0.006731315981596708,0.051151275634765625,0,0,0
281075353,d4:22:cd:00:30:92,0.7702651619911194,0.5931063890457153,-0.12229156494140625,-0.19990332424640656,0.012919663451611996,-0.003536422038450837,0.09852123260498047,0,0,0
281092020,d4:22:cd:00:30:92,0.7702359557151794,0.593097448348999,-0.12231740355491638,-0.20002634823322296,-0.00306944758631289,-0.021318666636943817,0.07361507415771484,0,0,0
281108687,d4:22:cd:00:30:92,0.7702240347862244,0.5930736660957336,-0.12233191728591919,-0.20013388991355896,0.013525495305657387,-0.033988721668720245,0.03536033630371094,0,0,0
281125354,d4:22:cd:00:30:92,0.7702040672302246,0.5930646657943726,-0.12234947085380554,-0.20022664964199066,0.021328778937458992,-0.047842949628829956,0.01473236083984375,0,0,0
281142021,d4:22:cd:00:30:92,0.7701967358589172,0.5930408239364624,-0.12240207195281982,-0.20029374957084656,0.015778617933392525,-0.05690013989806175,0.0343780517578125,0,0,0
281158688,d4:22:cd:00:30:92,0.7701953053474426,0.5930350422859192,-0.12243346124887466,-0.20029732584953308,-0.012722580693662167,-0.04311475530266762,-0.0023584365844726562,0,0,0
281175355,d4:22:cd:00:30:92,0.7702161073684692,0.5930173993110657,-0.12249162793159485,-0.20023387670516968,-0.03160411864519119,-0.03255108743906021,-0.06300544738769531,0,0,0
281192022,d4:22:cd:00:30:92,0.7702440023422241,0.5930179953575134,-0.12256068736314774,-0.20008230209350586,-0.0544988289475441,-0.047647152096033096,0.009171485900878906,0,0,0
281208689,d4:22:cd:00:30:92,0.7702844142913818,0.593008279800415,-0.12261022627353668,-0.19992506504058838,0.02154609002172947,-0.043482210487127304,0.11864185333251953,0,0,0
281225356,d4:22:cd:00:30:92,0.7703223824501038,0.5929983854293823,-0.12262570858001709,-0.1997983157634735,0.031020022928714752,-0.0131000941619277,0.12340450286865234,0,0,0
281242023,d4:22:cd:00:30:92,0.7703425288200378,0.5930075645446777,-0.12261028587818146,-0.19970296323299408,-0.004283960908651352,-0.017661994323134422,0.11612892150878906,0,0,0
281258690,d4:22:cd:00:30:92,0.7703631520271301,0.593021810054779,-0.12254147976636887,-0.19962364435195923,-0.001863427460193634,0.004513173829764128,0.1488494873046875,0,0,0
281275357,d4:22:cd:00:30:92,0.7703815698623657,0.5930286645889282,-0.12243413925170898,-0.19959722459316254,0.0023229701910167933,0.006539095193147659,0.16979503631591797,0,0,0
281292024,d4:22:cd:00:30:92,0.7703949213027954,0.5930308699607849,-0.1222856193780899,-0.19963029026985168,0.047394413501024246,-0.005471596959978342,0.12964248657226562,0,0,0
281308691,d4:22:cd:00:30:92,0.7704108953475952,0.5930318236351013,-0.12212568521499634,-0.1996639221906662,0.0256201159209013,0.007569489534944296,0.05893898010253906,0,0,0
281325358,d4:22:cd:00:30:92,0.7704054713249207,0.5930533409118652,-0.12200344353914261,-0.1996953785419464,-0.01576252467930317,-0.026067422702908516,-0.019758224487304688,0,0,0
281342025,d4:22:cd:00:30:92,0.77040034532547,0.5930681228637695,-0.12192777544260025,-0.19971799850463867,-0.01668837107717991,0.011127815581858158,0.019456863403320312,0,0,0
281358692,d4:22:cd:00:30:92,0.7704039812088013,0.5930843353271484,-0.1218402311205864,-0.19970884919166565,0.007221088744699955,-0.001356276567094028,0.07346630096435547,0,0,0
281375359,d4:22:cd:00:30:92,0.7703797817230225,0.593105137348175,-0.12181064486503601,-0.19975848495960236,0.022457463666796684,0.019648129120469093,0.040581703186035156,0,0,0
281392026,d4:22:cd:00:30:92,0.7703756093978882,0.5931070446968079,-0.1217954158782959,-0.1997782289981842,0.005085478536784649,0.012183244340121746,-0.018505096435546875,0,0,0
281408693,d4:22:cd:00:30:92,0.7703566551208496,0.5931161642074585,-0.12183314561843872,-0.1998012661933899,-0.006547197233885527,-0.002324087778106332,-0.0032415390014648438,0,0,0
281425360,d4:22:cd:00:30:92,0.7703467607498169,0.5931096076965332,-0.12191207706928253,-0.19981062412261963,0.009949232451617718,0.0272211953997612,0.05508995056152344,0,0,0
281442027,d4:22:cd:00:30:92,0.7703427076339722,0.5930872559547424,-0.12199413776397705,-0.1998423933982849,-0.003473111893981695,0.026783110573887825,0.06522655487060547,0,0,0
281458694,d4:22:cd:00:30:92,0.7703312635421753,0.5930647850036621,-0.12208984047174454,-0.19989444315433502,-0.01092481054365635,0.015370539389550686,0.03316783905029297,0,0,0
281475361,d4:22:cd:00:30:92,0.7703007459640503,0.593066394329071,-0.12219691276550293,-0.19994214177131653,0.049128931015729904,-0.009585130028426647,0.041945457458496094,0,0,0
281492028,d4:22:cd:00:30:92,0.770281195640564,0.5930584669113159,-0.12229811400175095,-0.19997906684875488,0.047731079161167145,-0.02718677558004856,0.06110858917236328,0,0,0
281508695,d4:22:cd:00:30:92,0.7702484130859375,0.5930521488189697,-0.12242428958415985,-0.20004791021347046,-0.009228626266121864,-0.007924875244498253,0.06020545959472656,0,0,0
281525362,d4:22:cd:00:30:92,0.7702299356460571,0.5930319428443909,-0.12253769487142563,-0.20010921359062195,-0.060339950025081635,-0.022599395364522934,0.046688079833984375,0,0,0
281542029,d4:22:cd:00:30:92,0.7702194452285767,0.5930246710777283,-0.12262207269668579,-0.20011936128139496,-0.033308181911706924,-0.026579266414046288,0.047118186950683594,0,0,0
281558696,d4:22:cd:00:30:92,0.7702242732048035,0.593004584312439,-0.122694231569767,-0.20011615753173828,0.006580165587365627,-0.03858012333512306,0.04582405090332031,0,0,0
281575363,d4:22:cd:00:30:92,0.7702243328094482,0.5929993987083435,-0.12277337908744812,-0.20008285343647003,0.005719361361116171,-0.06837350875139236,0.013375282287597656,0,0,0
281592030,d4:22:cd:00:30:92,0.7702435255050659,0.5929864645004272,-0.12286059558391571,-0.1999935507774353,-0.014914795756340027,-0.0470968633890152,0.026746749877929688,0,0,0
281608697,d4:22:cd:00:30:92,0.7702534794807434,0.592998206615448,-0.12293249368667603,-0.1998763382434845,-0.011658212170004845,-0.033481795340776443,0.030155181884765625,0,0,0
281625364,d4:22:cd:00:30:92,0.770270824432373,0.5930001735687256,-0.12299689650535583,-0.19976375997066498,0.03160965070128441,-0.02980545349419117,0.11921882629394531,0,0,0
281642031,d4:22:cd:00:30:92,0.7702845335006714,0.59300297498703,-0.12301991879940033,-0.19968831539154053,0.05122525617480278,-0.013200675137341022,0.1329507827758789,0,0,0
281658698,d4:22:cd:00:30:92,0.7702963352203369,0.5930062532424927,-0.12301157414913177,-0.19963841140270233,0.004349450580775738,0.0021712048910558224,0.08293724060058594,0,0,0
281675365,d4:22:cd:00:30:92,0.7702807784080505,0.5930259227752686,-0.1230236142873764,-0.19963222742080688,-0.03159802779555321,0.009136762470006943,0.07570838928222656,0,0,0
281692032,d4:22:cd:00:30:92,0.7702822089195251,0.5930404663085938,-0.12298673391342163,-0.19960619509220123,-0.023383980616927147,0.012910555116832256,0.1084432601928711,0,0,0
281708699,d4:22:cd:00:30:92,0.770282506942749,0.5930379629135132,-0.12294232845306396,-0.1996399462223053,-0.004893704317510128,0.005439411383122206,0.09163856506347656,0,0,0
281725366,d4:22:cd:00:30:92,0.7702723145484924,0.5930485129356384,-0.12289300560951233,-0.19967833161354065,0.004359396640211344,0.002127396408468485,0.06083488464355469,0,0,0
281742033,d4:22:cd:00:30:92,0.7702664732933044,0.5930628180503845,-0.12282832711935043,-0.19969850778579712,0.03289049118757248,-0.02329004928469658,0.07925224304199219,0,0,0
281758700,d4:22:cd:00:30:92,0.7702521085739136,0.5930655002593994,-0.12279535830020905,-0.19976547360420227,0.011929333209991455,-0.01668926514685154,0.046660423278808594,0,0,0
281775367,d4:22:cd:00:30:92,0.7702599763870239,0.5930635333061218,-0.12275607138872147,-0.19976496696472168,-0.01020521018654108,-0.033956535160541534,-0.019809722900390625,0,0,0
281792034,d4:22:cd:00:30:92,0.7702606320381165,0.5930720567703247,-0.12277007848024368,-0.19972914457321167,-0.00448232889175415,-0.017260117456316948,-0.03665637969970703,0,0,0
281808701,d4:22:cd:00:30:92,0.7702711224555969,0.5930663347244263,-0.12282975763082504,-0.1996690183877945,0.0014698770828545094,0.007146603427827358,0.013285636901855469,0,0,0
281825368,d4:22:cd:00:30:92,0.7702727317810059,0.5930631756782532,-0.12288832664489746,-0.1996362954378128,0.013589699752628803,-0.006532836705446243,0.09816551208496094,0,0,0
281842035,d4:22:cd:00:30:92,0.7702780961990356,0.593055248260498,-0.12293165177106857,-0.19961199164390564,0.02013622596859932,-0.0007308873464353383,0.0932912826538086,0,0,0
